style_culture,geography,exhibit
Australian Aboriginal,Australia,Land of Dreamings
Pitjantjatjara,Australia,Land of Dreamings
Kwakwaka'wakw,Pacific Northwest Coast,Waterways and Lifeways
Haida,Pacific Northwest Coast,Waterways and Lifeways
Northwest Coast Peoples,Pacific Northwest Coast,Waterways and Lifeways
Nuu-chah-nulth,Pacific Northwest Coast,Waterways and Lifeways
Tlingit,Pacific Northwest Coast,Waterways and Lifeways
Central Northwest Coast,Pacific Northwest Coast,Waterways and Lifeways
"Tlingit,Tsimshian",Pacific Northwest Coast,Waterways and Lifeways
Tsimshian,Pacific Northwest Coast,Waterways and Lifeways
"Ainu people (Hokkaido), Japanese",Japan,Waterways and Lifeways
"Ainu people (Sakhalin), Japanese",Japan,Waterways and Lifeways
Tibetan,Tibet,The 'Roof' of the World
"Chinese, Tibetan",Tibet,The 'Roof' of the World
"Tłı̨chǫ, Athapaskan",Arctic,Northern Lands
"Denesuline, Athapaskan",Arctic,Northern Lands
"Slavey, Athapaskan",Arctic,Northern Lands
"Subarctic, Dene, Tłı̨chǫ, Athapaskan",Arctic,Northern Lands
"Slavey, Nahane, Kaska, Athapaskan",Arctic,Northern Lands
"Slavey, Athapaskan, Kaska",Arctic,Northern Lands
Tłı̨chǫ,Arctic,Northern Lands
"Gwich'in, Athapaskan",Arctic,Northern Lands
"Arctic, Inuit",Arctic,Northern Lands
"Arctic, Inuit, Mackenzie Delta Inuit, Athapaskan",Arctic,Northern Lands
Kalaallit,Arctic,Northern Lands
Yup'ik,Arctic,Northern Lands
"Iñupiaq, Yup'ik",Arctic,Northern Lands
"Arctic, Old Bering Sea II",Arctic,Northern Lands
"Arctic, Aleut",Arctic,Northern Lands
"Arctic, Inuit, Yup'ik",Arctic,Northern Lands
Ngarluma,Australia,Land of Dreamings
Anmatyerre,Australia,Land of Dreamings
Gunwinggu,Australia,Land of Dreamings
0,Australia,Land of Dreamings
Waanyi,Australia,Land of Dreamings
Yirandali,Australia,Land of Dreamings
Kulin,Australia,Land of Dreamings
Nyamal,Australia,Land of Dreamings
"Ngarluma, Yindjibarndi",Australia,Land of Dreamings